<?xml version="1.0" encoding="UTF-8"?>
<!DOCTYPE configuration PUBLIC "-//mybatis.org//DTD Config 3.0//EN" "../mybatis-3-config.dtd" >
<configuration>



     <typeAliases>
  		<typeAlias alias="User" type="test.User"/>  	
     </typeAliases>
     
     <environments default="mysql">
         <environment id="mysql">
            <transactionManager type="JDBC"></transactionManager>
            <dataSource type="POOLED">
              <property name="driver" value="com.mysql.jdbc.Driver"/>
              <property name="url" value="jdbc:mysql://localhost:3306/testdb"/>
              <property name="username" value="root"/>
              <property name="password" value="admin"/>
            </dataSource>
         </environment>
     </environments>
     
     <mappers>
     	<mapper resource="test/UserDAOMapper.xml" />
     </mappers>

     
</configuration>
